;Scopy version,v1.2.0,,,
;Exported on,Wednesday February 24/02/2021,,,
;Device,M2K,,,
;Nr of samples,1.00E+03,,,
;Sample rate,0.00E+00,,,
;Tool,Network Analyzer,,,
;Additional Information,Reference channel: 1,,,
Sample,Frequency(Hz),Magnitude(dB),Phase(°),Amplitude
0,1.00E+02,-0.0855872,-7.40493,9.90E-01
1,1.01E+02,-0.0833828,-7.40233,9.90E-01
2,1.01E+02,-0.0844602,-7.45579,9.90E-01
3,1.02E+02,-0.0945116,-7.53567,9.89E-01
4,1.03E+02,-0.0832845,-7.61293,9.90E-01
5,1.04E+02,-0.0948118,-7.58272,9.89E-01
6,1.04E+02,-0.0962613,-7.68446,9.89E-01
7,1.05E+02,-0.0934866,-7.7986,9.89E-01
8,1.06E+02,-0.0867767,-7.75652,9.90E-01
9,1.06E+02,-0.0972119,-7.87074,9.89E-01
10,1.07E+02,-0.0967864,-7.93694,9.89E-01
11,1.08E+02,-0.0926648,-7.96636,9.89E-01
12,1.09E+02,-0.0969491,-8.02123,9.89E-01
13,1.09E+02,-0.111767,-8.00657,9.87E-01
14,1.10E+02,-0.0986782,-8.07659,9.89E-01
15,1.11E+02,-0.106544,-8.22816,9.88E-01
16,1.12E+02,-0.0937723,-8.23059,9.89E-01
17,1.12E+02,-0.106236,-8.32456,9.88E-01
18,1.13E+02,-0.107157,-8.41888,9.88E-01
19,1.14E+02,-0.0982583,-8.36197,9.89E-01
20,1.15E+02,-0.109243,-8.45789,9.88E-01
21,1.16E+02,-0.109747,-8.40673,9.87E-01
22,1.16E+02,-0.120539,-8.57553,9.86E-01
23,1.17E+02,-0.119955,-8.56735,9.86E-01
24,1.18E+02,-0.106981,-8.65906,9.88E-01
25,1.19E+02,-0.120055,-8.72579,9.86E-01
26,1.20E+02,-0.107899,-8.8118,9.88E-01
27,1.21E+02,-0.123433,-8.88586,9.86E-01
28,1.21E+02,-0.137231,-8.93714,9.84E-01
29,1.22E+02,-0.11914,-8.97598,9.86E-01
30,1.23E+02,-0.120674,-9.03932,9.86E-01
31,1.24E+02,-0.122857,-9.10102,9.86E-01
32,1.25E+02,-0.128142,-9.2004,9.85E-01
33,1.26E+02,-0.13517,-9.26028,9.85E-01
34,1.27E+02,-0.136368,-9.27735,9.84E-01
35,1.27E+02,-0.136838,-9.33895,9.84E-01
36,1.28E+02,-0.154955,-9.38477,9.82E-01
37,1.29E+02,-0.147794,-9.58805,9.83E-01
38,1.30E+02,-0.156341,-9.59072,9.82E-01
39,1.31E+02,-0.1296,-9.61458,9.85E-01
40,1.32E+02,-0.153378,-9.77539,9.82E-01
41,1.33E+02,-0.158764,-9.765,9.82E-01
42,1.34E+02,-0.152255,-9.87741,9.83E-01
43,1.35E+02,-0.151592,-9.9513,9.83E-01
44,1.36E+02,-0.151144,-10.0286,9.83E-01
45,1.37E+02,-0.143995,-9.98151,9.84E-01
46,1.37E+02,-0.164135,-10.0297,9.81E-01
47,1.38E+02,-0.158166,-10.23,9.82E-01
48,1.39E+02,-0.172252,-10.2671,9.80E-01
49,1.40E+02,-0.16372,-10.2124,9.81E-01
50,1.41E+02,-0.156728,-10.4029,9.82E-01
51,1.42E+02,-0.153823,-10.4172,9.82E-01
52,1.43E+02,-0.159038,-10.4603,9.82E-01
53,1.44E+02,-0.172419,-10.6836,9.80E-01
54,1.45E+02,-0.188529,-10.5826,9.79E-01
55,1.46E+02,-0.190774,-10.8044,9.78E-01
56,1.47E+02,-0.175257,-10.8911,9.80E-01
57,1.48E+02,-0.200486,-10.8937,9.77E-01
58,1.49E+02,-0.203919,-10.9357,9.77E-01
59,1.50E+02,-0.187044,-10.9812,9.79E-01
60,1.51E+02,-0.18723,-11.0945,9.79E-01
61,1.52E+02,-0.193234,-11.161,9.78E-01
62,1.54E+02,-0.198971,-11.253,9.77E-01
63,1.55E+02,-0.201557,-11.334,9.77E-01
64,1.56E+02,-0.209126,-11.3568,9.76E-01
65,1.57E+02,-0.1924,-11.5405,9.78E-01
66,1.58E+02,-0.2038,-11.6568,9.77E-01
67,1.59E+02,-0.192695,-11.4699,9.78E-01
68,1.60E+02,-0.235221,-11.7061,9.73E-01
69,1.61E+02,-0.209205,-11.738,9.76E-01
70,1.62E+02,-0.20902,-11.8925,9.76E-01
71,1.63E+02,-0.225839,-11.9712,9.74E-01
72,1.65E+02,-0.204171,-12.0369,9.77E-01
73,1.66E+02,-0.231711,-12.191,9.74E-01
74,1.67E+02,-0.24992,-12.1003,9.72E-01
75,1.68E+02,-0.226905,-12.2209,9.74E-01
76,1.69E+02,-0.231447,-12.2746,9.74E-01
77,1.70E+02,-0.217601,-12.4689,9.75E-01
78,1.71E+02,-0.245171,-12.3931,9.72E-01
79,1.73E+02,-0.247233,-12.4001,9.72E-01
80,1.74E+02,-0.240679,-12.6154,9.73E-01
81,1.75E+02,-0.236505,-12.7768,9.73E-01
82,1.76E+02,-0.238839,-12.7245,9.73E-01
83,1.78E+02,-0.251344,-12.7404,9.71E-01
84,1.79E+02,-0.264014,-12.802,9.70E-01
85,1.80E+02,-0.252451,-13.0709,9.71E-01
86,1.81E+02,-0.268358,-13.1099,9.70E-01
87,1.82E+02,-0.283045,-13.3155,9.68E-01
88,1.84E+02,-0.250644,-13.1617,9.72E-01
89,1.85E+02,-0.271352,-13.4629,9.69E-01
90,1.86E+02,-0.280108,-13.5781,9.68E-01
91,1.88E+02,-0.293622,-13.54,9.67E-01
92,1.89E+02,-0.278923,-13.9601,9.68E-01
93,1.90E+02,-0.279696,-13.8235,9.68E-01
94,1.92E+02,-0.281832,-13.7784,9.68E-01
95,1.93E+02,-0.268055,-14.0487,9.70E-01
96,1.94E+02,-0.328544,-13.9151,9.63E-01
97,1.96E+02,-0.29111,-14.207,9.67E-01
98,1.97E+02,-0.28861,-14.1233,9.67E-01
99,1.98E+02,-0.313651,-14.581,9.65E-01
100,2.00E+02,-0.307357,-14.4703,9.65E-01
101,2.01E+02,-0.326235,-14.4357,9.63E-01
102,2.02E+02,-0.286447,-14.5631,9.68E-01
103,2.04E+02,-0.318947,-14.7156,9.64E-01
104,2.05E+02,-0.309832,-14.752,9.65E-01
105,2.07E+02,-0.338027,-15.1577,9.62E-01
106,2.08E+02,-0.331446,-15.0352,9.63E-01
107,2.10E+02,-0.350769,-15.0139,9.60E-01
108,2.11E+02,-0.315402,-15.4027,9.64E-01
109,2.12E+02,-0.338636,-15.2903,9.62E-01
110,2.14E+02,-0.371914,-15.4672,9.58E-01
111,2.15E+02,-0.380683,-15.7626,9.57E-01
112,2.17E+02,-0.355974,-15.6624,9.60E-01
113,2.18E+02,-0.364472,-15.5087,9.59E-01
114,2.20E+02,-0.388078,-15.5164,9.56E-01
115,2.21E+02,-0.359141,-15.9608,9.59E-01
116,2.23E+02,-0.368769,-15.795,9.58E-01
117,2.25E+02,-0.383232,-16.1493,9.57E-01
118,2.26E+02,-0.40914,-16.1633,9.54E-01
119,2.28E+02,-0.39564,-16.6417,9.55E-01
120,2.29E+02,-0.390434,-16.5168,9.56E-01
121,2.31E+02,-0.41936,-16.3674,9.53E-01
122,2.32E+02,-0.413721,-16.6723,9.53E-01
123,2.34E+02,-0.424794,-16.5879,9.52E-01
124,2.36E+02,-0.386093,-17.1169,9.57E-01
125,2.37E+02,-0.415407,-17.0712,9.53E-01
126,2.39E+02,-0.391814,-17.2705,9.56E-01
127,2.41E+02,-0.431897,-17.244,9.51E-01
128,2.42E+02,-0.46384,-17.1978,9.48E-01
129,2.44E+02,-0.487472,-17.1347,9.45E-01
130,2.46E+02,-0.461754,-17.678,9.48E-01
131,2.47E+02,-0.507617,-17.6401,9.43E-01
132,2.49E+02,-0.458052,-17.9124,9.49E-01
133,2.51E+02,-0.440505,-18.1685,9.51E-01
134,2.53E+02,-0.47738,-18.0631,9.47E-01
135,2.54E+02,-0.445132,-17.9104,9.50E-01
136,2.56E+02,-0.488232,-18.273,9.45E-01
137,2.58E+02,-0.484206,-18.6082,9.46E-01
138,2.60E+02,-0.499699,-18.4586,9.44E-01
139,2.61E+02,-0.473847,-18.5002,9.47E-01
140,2.63E+02,-0.466349,-18.3565,9.48E-01
141,2.65E+02,-0.549518,-18.8765,9.39E-01
142,2.67E+02,-0.553234,-19.3242,9.38E-01
143,2.69E+02,-0.558057,-18.9547,9.38E-01
144,2.71E+02,-0.575541,-19.5392,9.36E-01
145,2.73E+02,-0.558992,-19.4664,9.38E-01
146,2.74E+02,-0.518358,-19.8141,9.42E-01
147,2.76E+02,-0.585521,-19.6429,9.35E-01
148,2.78E+02,-0.602677,-19.307,9.33E-01
149,2.80E+02,-0.602225,-19.8576,9.33E-01
150,2.82E+02,-0.604243,-20.3648,9.33E-01
151,2.84E+02,-0.620896,-20.005,9.31E-01
152,2.86E+02,-0.518277,-20.1773,9.42E-01
153,2.88E+02,-0.634916,-20.4055,9.30E-01
154,2.90E+02,-0.688027,-20.5838,9.24E-01
155,2.92E+02,-0.659728,-20.5797,9.27E-01
156,2.94E+02,-0.625099,-20.6696,9.31E-01
157,2.96E+02,-0.634475,-21.1437,9.30E-01
158,2.98E+02,-0.639935,-20.8932,9.29E-01
159,3.00E+02,-0.597432,-20.9138,9.34E-01
160,3.02E+02,-0.644779,-21.1283,9.28E-01
161,3.04E+02,-0.612162,-21.0672,9.32E-01
162,3.07E+02,-0.692952,-21.4386,9.23E-01
163,3.09E+02,-0.629128,-21.2675,9.30E-01
164,3.11E+02,-0.707721,-21.5538,9.22E-01
165,3.13E+02,-0.773703,-21.7352,9.15E-01
166,3.15E+02,-0.73984,-21.802,9.18E-01
167,3.17E+02,-0.714379,-22.125,9.21E-01
168,3.20E+02,-0.658744,-22.3614,9.27E-01
169,3.22E+02,-0.731347,-22.301,9.19E-01
170,3.24E+02,-0.670896,-22.7839,9.26E-01
171,3.26E+02,-0.780121,-22.5847,9.14E-01
172,3.28E+02,-0.844158,-22.9818,9.07E-01
173,3.31E+02,-0.790188,-22.6874,9.13E-01
174,3.33E+02,-0.773326,-23.0739,9.15E-01
175,3.35E+02,-0.818917,-22.8616,9.10E-01
176,3.38E+02,-0.767472,-23.3989,9.15E-01
177,3.40E+02,-0.893206,-23.6263,9.02E-01
178,3.42E+02,-0.777823,-23.4553,9.14E-01
179,3.45E+02,-0.821437,-23.8157,9.10E-01
180,3.47E+02,-0.899616,-24.199,9.02E-01
181,3.50E+02,-0.830124,-23.9745,9.09E-01
182,3.52E+02,-0.915,-24.7528,9.00E-01
183,3.54E+02,-0.813799,-24.3172,9.11E-01
184,3.57E+02,-0.869728,-24.5523,9.05E-01
185,3.59E+02,-0.852007,-24.2145,9.07E-01
186,3.62E+02,-0.869438,-24.9936,9.05E-01
187,3.64E+02,-1.00506,-24.745,8.91E-01
188,3.67E+02,-0.881023,-24.7632,9.04E-01
189,3.69E+02,-0.915631,-25.3783,9.00E-01
190,3.72E+02,-0.903886,-26.0768,9.01E-01
191,3.75E+02,-0.906776,-25.7716,9.01E-01
192,3.77E+02,-0.964159,-25.791,8.95E-01
193,3.80E+02,-0.937308,-26.4656,8.98E-01
194,3.82E+02,-0.979636,-26.3396,8.93E-01
195,3.85E+02,-1.10644,-25.8309,8.80E-01
196,3.88E+02,-0.923492,-26.4359,8.99E-01
197,3.90E+02,-1.03551,-26.6997,8.88E-01
198,3.93E+02,-1.13512,-27.1539,8.77E-01
199,3.96E+02,-0.976131,-26.9617,8.94E-01
200,3.99E+02,-1.03427,-27.0755,8.88E-01
201,4.01E+02,-1.17814,-26.8598,8.73E-01
202,4.04E+02,-1.01026,-27.2177,8.90E-01
203,4.07E+02,-1.10802,-27.3363,8.80E-01
204,4.10E+02,-0.991202,-27.7756,8.92E-01
205,4.13E+02,-1.13973,-28.2684,8.77E-01
206,4.16E+02,-1.13309,-28.0983,8.78E-01
207,4.18E+02,-1.17383,-28.9507,8.74E-01
208,4.21E+02,-1.24109,-28.3859,8.67E-01
209,4.24E+02,-1.19764,-28.5217,8.71E-01
210,4.27E+02,-1.1383,-27.8406,8.77E-01
211,4.30E+02,-1.18639,-28.1899,8.72E-01
212,4.33E+02,-1.18249,-28.9566,8.73E-01
213,4.36E+02,-1.24129,-28.1871,8.67E-01
214,4.39E+02,-1.17042,-28.8788,8.74E-01
215,4.42E+02,-1.2977,-29.5487,8.61E-01
216,4.45E+02,-1.12657,-29.8404,8.78E-01
217,4.48E+02,-1.30566,-30.5118,8.60E-01
218,4.51E+02,-1.25303,-30.089,8.66E-01
219,4.55E+02,-1.36761,-31.1435,8.54E-01
220,4.58E+02,-1.43372,-29.7207,8.48E-01
221,4.61E+02,-1.4316,-30.4037,8.48E-01
222,4.64E+02,-1.35031,-30.6409,8.56E-01
223,4.67E+02,-1.30036,-31.6282,8.61E-01
224,4.71E+02,-1.49377,-30.7688,8.42E-01
225,4.74E+02,-1.44979,-31.2553,8.46E-01
226,4.77E+02,-1.37769,-32.3347,8.53E-01
227,4.80E+02,-1.56706,-31.5223,8.35E-01
228,4.84E+02,-1.44973,-31.1912,8.46E-01
229,4.87E+02,-1.48742,-31.7349,8.43E-01
230,4.91E+02,-1.52214,-31.0058,8.39E-01
231,4.94E+02,-1.56743,-31.5699,8.35E-01
232,4.97E+02,-1.55283,-32.0285,8.36E-01
233,5.01E+02,-1.62057,-32.672,8.30E-01
234,5.04E+02,-1.59412,-33.2976,8.32E-01
235,5.08E+02,-1.58642,-33.4008,8.33E-01
236,5.11E+02,-1.61349,-33.2273,8.30E-01
237,5.15E+02,-1.68505,-32.9205,8.24E-01
238,5.18E+02,-1.73523,-33.5152,8.19E-01
239,5.22E+02,-1.65165,-33.1042,8.27E-01
240,5.26E+02,-1.66714,-33.6973,8.25E-01
241,5.29E+02,-1.75372,-33.5212,8.17E-01
242,5.33E+02,-1.7424,-33.4931,8.18E-01
243,5.37E+02,-1.66523,-34.2912,8.26E-01
244,5.40E+02,-1.75465,-34.4995,8.17E-01
245,5.44E+02,-1.80556,-34.1348,8.12E-01
246,5.48E+02,-1.74399,-35.4258,8.18E-01
247,5.52E+02,-1.87195,-35.1273,8.06E-01
248,5.56E+02,-1.80212,-35.1231,8.13E-01
249,5.59E+02,-1.83341,-35.9604,8.10E-01
250,5.63E+02,-1.77159,-35.3803,8.15E-01
251,5.67E+02,-1.91247,-36.1926,8.02E-01
252,5.71E+02,-1.90916,-35.9797,8.03E-01
253,5.75E+02,-1.99051,-35.7399,7.95E-01
254,5.79E+02,-1.9889,-36.9711,7.95E-01
255,5.83E+02,-1.89389,-36.4683,8.04E-01
256,5.87E+02,-1.99852,-36.7948,7.94E-01
257,5.91E+02,-2.04181,-36.4216,7.91E-01
258,5.95E+02,-2.05532,-37.7609,7.89E-01
259,5.99E+02,-2.06279,-37.8867,7.89E-01
260,6.04E+02,-2.05079,-37.3096,7.90E-01
261,6.08E+02,-2.09037,-37.8577,7.86E-01
262,6.12E+02,-2.04543,-38.1616,7.90E-01
263,6.16E+02,-2.25537,-38.1893,7.71E-01
264,6.21E+02,-2.13979,-37.7675,7.82E-01
265,6.25E+02,-2.20135,-38.3587,7.76E-01
266,6.29E+02,-2.28822,-38.4569,7.68E-01
267,6.34E+02,-2.35436,-38.8653,7.63E-01
268,6.38E+02,-2.36132,-39.1507,7.62E-01
269,6.42E+02,-2.32671,-39.2926,7.65E-01
270,6.47E+02,-2.33084,-39.3771,7.65E-01
271,6.51E+02,-2.42159,-39.3484,7.57E-01
272,6.56E+02,-2.2466,-39.6053,7.72E-01
273,6.60E+02,-2.39423,-39.2396,7.59E-01
274,6.65E+02,-2.43937,-40.0869,7.55E-01
275,6.70E+02,-2.42298,-40.1429,7.57E-01
276,6.74E+02,-2.37105,-40.4276,7.61E-01
277,6.79E+02,-2.60367,-40.4977,7.41E-01
278,6.84E+02,-2.42168,-40.7361,7.57E-01
279,6.88E+02,-2.52091,-40.9444,7.48E-01
280,6.93E+02,-2.57444,-41.0946,7.43E-01
281,6.98E+02,-2.53475,-41.8658,7.47E-01
282,7.03E+02,-2.62494,-40.808,7.39E-01
283,7.08E+02,-2.54539,-41.9035,7.46E-01
284,7.13E+02,-2.69656,-42.0461,7.33E-01
285,7.18E+02,-2.70124,-42.187,7.33E-01
286,7.23E+02,-2.65641,-42.1119,7.37E-01
287,7.28E+02,-2.84818,-42.9771,7.20E-01
288,7.33E+02,-2.73934,-43.4445,7.30E-01
289,7.38E+02,-2.77365,-42.6787,7.27E-01
290,7.43E+02,-2.84323,-43.3883,7.21E-01
291,7.48E+02,-2.81668,-43.3043,7.23E-01
292,7.53E+02,-2.80674,-43.9706,7.24E-01
293,7.58E+02,-2.91788,-42.8723,7.15E-01
294,7.64E+02,-2.86601,-43.7236,7.19E-01
295,7.69E+02,-2.97688,-44.1667,7.10E-01
296,7.74E+02,-2.98719,-44.2905,7.09E-01
297,7.80E+02,-2.97868,-44.833,7.10E-01
298,7.85E+02,-3.03848,-45.4801,7.05E-01
299,7.90E+02,-3.12278,-44.1148,6.98E-01
300,7.96E+02,-3.06206,-45.2487,7.03E-01
301,8.02E+02,-3.10386,-45.6793,7.00E-01
302,8.07E+02,-3.18049,-45.4556,6.93E-01
303,8.13E+02,-3.25007,-45.1707,6.88E-01
304,8.18E+02,-3.12276,-46.2128,6.98E-01
305,8.24E+02,-3.26612,-46.8212,6.87E-01
306,8.30E+02,-3.35211,-46.3631,6.80E-01
307,8.35E+02,-3.37126,-47.0616,6.78E-01
308,8.41E+02,-3.35587,-46.5362,6.80E-01
309,8.47E+02,-3.46873,-46.7206,6.71E-01
310,8.53E+02,-3.41856,-46.1584,6.75E-01
311,8.59E+02,-3.58593,-47.4915,6.62E-01
312,8.65E+02,-3.54601,-47.0442,6.65E-01
313,8.71E+02,-3.40901,-47.4407,6.75E-01
314,8.77E+02,-3.50314,-47.5614,6.68E-01
315,8.83E+02,-3.63023,-47.9263,6.58E-01
316,8.89E+02,-3.59889,-47.4484,6.61E-01
317,8.95E+02,-3.52542,-48.5682,6.66E-01
318,9.01E+02,-3.78729,-48.7012,6.47E-01
319,9.08E+02,-3.74585,-48.6584,6.50E-01
320,9.14E+02,-3.82348,-49.5209,6.44E-01
321,9.20E+02,-3.75634,-49.0923,6.49E-01
322,9.27E+02,-3.87343,-49.1278,6.40E-01
323,9.33E+02,-3.83203,-48.6212,6.43E-01
324,9.40E+02,-3.94777,-48.8167,6.35E-01
325,9.46E+02,-4.0071,-49.9635,6.30E-01
326,9.53E+02,-4.08639,-50.5908,6.25E-01
327,9.59E+02,-4.05034,-50.9662,6.27E-01
328,9.66E+02,-4.02629,-50.6603,6.29E-01
329,9.73E+02,-4.13583,-50.528,6.21E-01
330,9.79E+02,-4.12645,-51.6464,6.22E-01
331,9.86E+02,-4.15607,-51.9307,6.20E-01
332,9.93E+02,-4.10684,-51.5555,6.23E-01
333,1.00E+03,-4.23056,-51.2523,6.14E-01
334,1.01E+03,-4.26247,-51.259,6.12E-01
335,1.01E+03,-4.29527,-52.0582,6.10E-01
336,1.02E+03,-4.31615,-51.9445,6.08E-01
337,1.03E+03,-4.35398,-52.3668,6.06E-01
338,1.04E+03,-4.36092,-52.5675,6.05E-01
339,1.04E+03,-4.44392,-52.4777,6.00E-01
340,1.05E+03,-4.51138,-52.7563,5.95E-01
341,1.06E+03,-4.50729,-53.2034,5.95E-01
342,1.06E+03,-4.55356,-52.9801,5.92E-01
343,1.07E+03,-4.57985,-52.9031,5.90E-01
344,1.08E+03,-4.64235,-53.6936,5.86E-01
345,1.09E+03,-4.65548,-53.6122,5.85E-01
346,1.09E+03,-4.66478,-53.431,5.84E-01
347,1.10E+03,-4.71718,-54.1083,5.81E-01
348,1.11E+03,-4.75714,-54.1363,5.78E-01
349,1.12E+03,-4.76664,-54.6349,5.78E-01
350,1.12E+03,-4.84542,-54.4283,5.72E-01
351,1.13E+03,-4.89209,-55.0119,5.69E-01
352,1.14E+03,-4.91994,-54.527,5.68E-01
353,1.15E+03,-4.98468,-54.9751,5.63E-01
354,1.16E+03,-4.99706,-55.7252,5.63E-01
355,1.16E+03,-5.0355,-55.5102,5.60E-01
356,1.17E+03,-5.05354,-55.7203,5.59E-01
357,1.18E+03,-5.11434,-56.0488,5.55E-01
358,1.19E+03,-5.181,-56.0414,5.51E-01
359,1.20E+03,-5.29656,-56.2006,5.43E-01
360,1.21E+03,-5.26324,-56.2543,5.46E-01
361,1.21E+03,-5.34142,-56.0762,5.41E-01
362,1.22E+03,-5.37614,-56.604,5.39E-01
363,1.23E+03,-5.34158,-56.715,5.41E-01
364,1.24E+03,-5.38751,-57.2032,5.38E-01
365,1.25E+03,-5.44532,-57.2558,5.34E-01
366,1.26E+03,-5.50572,-57.2181,5.31E-01
367,1.27E+03,-5.56232,-57.5069,5.27E-01
368,1.27E+03,-5.60165,-57.6873,5.25E-01
369,1.28E+03,-5.67692,-57.3806,5.20E-01
370,1.29E+03,-5.66303,-57.5025,5.21E-01
371,1.30E+03,-5.69524,-57.7105,5.19E-01
372,1.31E+03,-5.83126,-58.5746,5.11E-01
373,1.32E+03,-5.75135,-58.625,5.16E-01
374,1.33E+03,-5.80621,-58.9469,5.12E-01
375,1.34E+03,-5.93678,-59.2208,5.05E-01
376,1.35E+03,-5.9945,-59.2886,5.02E-01
377,1.36E+03,-6.019,-58.8858,5.00E-01
378,1.37E+03,-6.06849,-59.1051,4.97E-01
379,1.37E+03,-6.03516,-59.6841,4.99E-01
380,1.38E+03,-6.07787,-59.6384,4.97E-01
381,1.39E+03,-6.22741,-59.8957,4.88E-01
382,1.40E+03,-6.27025,-60.1551,4.86E-01
383,1.41E+03,-6.21325,-60.3952,4.89E-01
384,1.42E+03,-6.33768,-60.7222,4.82E-01
385,1.43E+03,-6.33176,-60.9879,4.82E-01
386,1.44E+03,-6.33757,-60.9192,4.82E-01
387,1.45E+03,-6.44778,-60.3644,4.76E-01
388,1.46E+03,-6.56812,-60.9607,4.69E-01
389,1.47E+03,-6.60618,-61.5554,4.67E-01
390,1.48E+03,-6.56457,-62.0309,4.70E-01
391,1.49E+03,-6.64657,-62.2065,4.65E-01
392,1.50E+03,-6.67449,-61.6831,4.64E-01
393,1.51E+03,-6.71542,-61.9058,4.62E-01
394,1.52E+03,-6.75384,-61.933,4.60E-01
395,1.54E+03,-6.79478,-62.0167,4.57E-01
396,1.55E+03,-6.87538,-62.5472,4.53E-01
397,1.56E+03,-6.93541,-62.8339,4.50E-01
398,1.57E+03,-6.90827,-62.27,4.51E-01
399,1.58E+03,-7.0727,-63.138,4.43E-01
400,1.59E+03,-6.97012,-62.5638,4.48E-01
401,1.60E+03,-7.2099,-62.7658,4.36E-01
402,1.61E+03,-7.14849,-63.1693,4.39E-01
403,1.62E+03,-7.21384,-63.5632,4.36E-01
404,1.63E+03,-7.20412,-63.2993,4.36E-01
405,1.65E+03,-7.2716,-63.2307,4.33E-01
406,1.66E+03,-7.28598,-64.3514,4.32E-01
407,1.67E+03,-7.39207,-63.2526,4.27E-01
408,1.68E+03,-7.42096,-64.1445,4.26E-01
409,1.69E+03,-7.46349,-64.0793,4.23E-01
410,1.70E+03,-7.5803,-64.6237,4.18E-01
411,1.71E+03,-7.49012,-64.4983,4.22E-01
412,1.73E+03,-7.5629,-65.2889,4.19E-01
413,1.74E+03,-7.67719,-64.8787,4.13E-01
414,1.75E+03,-7.69738,-65.1599,4.12E-01
415,1.76E+03,-7.72787,-65.4355,4.11E-01
416,1.78E+03,-7.73556,-65.4556,4.10E-01
417,1.79E+03,-7.99116,-65.6413,3.99E-01
418,1.80E+03,-7.90922,-65.6338,4.02E-01
419,1.81E+03,-8.0203,-65.5564,3.97E-01
420,1.82E+03,-8.07368,-66.3316,3.95E-01
421,1.84E+03,-8.07922,-65.2309,3.94E-01
422,1.85E+03,-8.10537,-66.0785,3.93E-01
423,1.86E+03,-8.1496,-66.0112,3.91E-01
424,1.88E+03,-8.17565,-65.9807,3.90E-01
425,1.89E+03,-8.26474,-65.6905,3.86E-01
426,1.90E+03,-8.31987,-66.6048,3.84E-01
427,1.92E+03,-8.39141,-66.4323,3.81E-01
428,1.93E+03,-8.53417,-67.1593,3.74E-01
429,1.94E+03,-8.43131,-68.0741,3.79E-01
430,1.96E+03,-8.5449,-67.495,3.74E-01
431,1.97E+03,-8.59982,-67.9651,3.72E-01
432,1.98E+03,-8.64257,-66.6611,3.70E-01
433,2.00E+03,-8.70017,-67.7533,3.67E-01
434,2.01E+03,-8.68466,-68.2433,3.68E-01
435,2.02E+03,-8.65423,-67.8047,3.69E-01
436,2.04E+03,-8.85301,-68.0671,3.61E-01
437,2.05E+03,-8.91852,-68.5463,3.58E-01
438,2.07E+03,-9.0073,-69.058,3.55E-01
439,2.08E+03,-8.99049,-68.4562,3.55E-01
440,2.10E+03,-9.1165,-68.5609,3.50E-01
441,2.11E+03,-9.0569,-67.8792,3.52E-01
442,2.12E+03,-9.13827,-68.9728,3.49E-01
443,2.14E+03,-9.27701,-69.2566,3.44E-01
444,2.15E+03,-9.3097,-68.2308,3.42E-01
445,2.17E+03,-9.27619,-69.3419,3.44E-01
446,2.18E+03,-9.25865,-69.1064,3.44E-01
447,2.20E+03,-9.41703,-68.3466,3.38E-01
448,2.21E+03,-9.39696,-69.53,3.39E-01
449,2.23E+03,-9.53419,-70.5018,3.34E-01
450,2.25E+03,-9.54977,-69.8302,3.33E-01
451,2.26E+03,-9.60966,-69.4144,3.31E-01
452,2.28E+03,-9.56994,-69.2064,3.32E-01
453,2.29E+03,-9.67348,-70.4973,3.28E-01
454,2.31E+03,-9.70858,-69.6113,3.27E-01
455,2.32E+03,-9.80645,-70.5208,3.23E-01
456,2.34E+03,-9.92353,-70.0553,3.19E-01
457,2.36E+03,-10.0838,-70.6752,3.13E-01
458,2.37E+03,-9.93741,-70.9894,3.19E-01
459,2.39E+03,-10.1149,-71.6401,3.12E-01
460,2.41E+03,-10.0661,-70.939,3.14E-01
461,2.42E+03,-10.211,-71.6771,3.09E-01
462,2.44E+03,-10.3797,-71.5709,3.03E-01
463,2.46E+03,-10.2523,-72.0027,3.07E-01
464,2.47E+03,-10.226,-72.6285,3.08E-01
465,2.49E+03,-10.4009,-71.3414,3.02E-01
466,2.51E+03,-10.2628,-71.6056,3.07E-01
467,2.53E+03,-10.4799,-72.0803,2.99E-01
468,2.54E+03,-10.4079,-71.651,3.02E-01
469,2.56E+03,-10.6039,-71.8905,2.95E-01
470,2.58E+03,-10.5676,-72.6589,2.96E-01
471,2.60E+03,-10.6998,-72.2187,2.92E-01
472,2.61E+03,-10.6685,-72.7556,2.93E-01
473,2.63E+03,-10.61,-72.0515,2.95E-01
474,2.65E+03,-10.8171,-73.0676,2.88E-01
475,2.67E+03,-10.7726,-71.6974,2.89E-01
476,2.69E+03,-10.9409,-73.3324,2.84E-01
477,2.71E+03,-10.8316,-72.4538,2.87E-01
478,2.73E+03,-11.1149,-72.4025,2.78E-01
479,2.74E+03,-11.1659,-72.0742,2.77E-01
480,2.76E+03,-11.0923,-72.9216,2.79E-01
481,2.78E+03,-11.3751,-74.0793,2.70E-01
482,2.80E+03,-11.3127,-74.0217,2.72E-01
483,2.82E+03,-11.2504,-72.4289,2.74E-01
484,2.84E+03,-11.438,-74.179,2.68E-01
485,2.86E+03,-11.3126,-72.6847,2.72E-01
486,2.88E+03,-11.6061,-73.821,2.63E-01
487,2.90E+03,-11.7654,-73.9472,2.58E-01
488,2.92E+03,-11.7097,-73.5984,2.60E-01
489,2.94E+03,-11.6744,-74.2326,2.61E-01
490,2.96E+03,-11.6158,-74.7232,2.63E-01
491,2.98E+03,-11.7998,-74.4734,2.57E-01
492,3.00E+03,-11.8652,-73.5315,2.55E-01
493,3.02E+03,-11.8809,-74.7798,2.55E-01
494,3.04E+03,-12.0187,-75.6661,2.51E-01
495,3.07E+03,-11.9912,-75.1296,2.51E-01
496,3.09E+03,-11.9856,-76.1042,2.52E-01
497,3.11E+03,-12.1872,-75.3731,2.46E-01
498,3.13E+03,-12.3004,-73.8211,2.43E-01
499,3.15E+03,-12.275,-74.4027,2.43E-01
500,3.17E+03,-12.2953,-75.1218,2.43E-01
501,3.20E+03,-12.5003,-75.4235,2.37E-01
502,3.22E+03,-12.3612,-75.2959,2.41E-01
503,3.24E+03,-12.5343,-76.6733,2.36E-01
504,3.26E+03,-12.5722,-76.0057,2.35E-01
505,3.28E+03,-12.4019,-76.7779,2.40E-01
506,3.31E+03,-12.5552,-76.6131,2.36E-01
507,3.33E+03,-12.6688,-75.7631,2.33E-01
508,3.35E+03,-12.5636,-75.3615,2.35E-01
509,3.38E+03,-12.7509,-75.6064,2.30E-01
510,3.40E+03,-12.7042,-74.8644,2.32E-01
511,3.42E+03,-12.9606,-75.7028,2.25E-01
512,3.45E+03,-12.9409,-76.4588,2.25E-01
513,3.47E+03,-13.0054,-77.518,2.24E-01
514,3.50E+03,-13.0088,-76.7856,2.24E-01
515,3.52E+03,-13.054,-74.9367,2.22E-01
516,3.54E+03,-13.2519,-77.1007,2.17E-01
517,3.57E+03,-13.2083,-76.6945,2.19E-01
518,3.59E+03,-13.0735,-76.3778,2.22E-01
519,3.62E+03,-13.2307,-76.6949,2.18E-01
520,3.64E+03,-13.2722,-75.3447,2.17E-01
521,3.67E+03,-13.5667,-76.5886,2.10E-01
522,3.69E+03,-13.4925,-76.7852,2.12E-01
523,3.72E+03,-13.7778,-77.0591,2.05E-01
524,3.75E+03,-13.5394,-78.0568,2.10E-01
525,3.77E+03,-13.6664,-77.3472,2.07E-01
526,3.80E+03,-13.6669,-76.2752,2.07E-01
527,3.82E+03,-13.7961,-76.9557,2.04E-01
528,3.85E+03,-13.7601,-79.3629,2.05E-01
529,3.88E+03,-13.7364,-77.0635,2.06E-01
530,3.90E+03,-13.9497,-78.2837,2.01E-01
531,3.93E+03,-13.955,-79.5699,2.01E-01
532,3.96E+03,-13.996,-76.9166,2.00E-01
533,3.99E+03,-14.1706,-78.27,1.96E-01
534,4.01E+03,-14.1376,-76.424,1.96E-01
535,4.04E+03,-14.0737,-78.1704,1.98E-01
536,4.07E+03,-14.3072,-78.5246,1.93E-01
537,4.10E+03,-14.4576,-76.7558,1.89E-01
538,4.13E+03,-14.3181,-77.529,1.92E-01
539,4.16E+03,-14.4191,-78.5913,1.90E-01
540,4.18E+03,-14.4412,-80.2769,1.90E-01
541,4.21E+03,-14.4768,-77.7068,1.89E-01
542,4.24E+03,-14.5701,-78.4522,1.87E-01
543,4.27E+03,-14.6218,-80.4017,1.86E-01
544,4.30E+03,-14.5728,-79.3454,1.87E-01
545,4.33E+03,-14.7226,-79.1279,1.84E-01
546,4.36E+03,-15.0776,-80.2212,1.76E-01
547,4.39E+03,-14.9539,-77.8189,1.79E-01
548,4.42E+03,-14.8609,-79.0398,1.81E-01
549,4.45E+03,-14.8142,-77.6009,1.82E-01
550,4.48E+03,-14.8911,-78.1884,1.80E-01
551,4.51E+03,-15.2218,-79.0742,1.73E-01
552,4.55E+03,-14.9276,-77.8349,1.79E-01
553,4.58E+03,-15.0571,-80.6086,1.77E-01
554,4.61E+03,-15.4231,-79.6797,1.69E-01
555,4.64E+03,-15.3102,-79.6762,1.72E-01
556,4.67E+03,-15.664,-80.1027,1.65E-01
557,4.71E+03,-15.6138,-80.3155,1.66E-01
558,4.74E+03,-15.4546,-79.3829,1.69E-01
559,4.77E+03,-15.3504,-81.3504,1.71E-01
560,4.80E+03,-15.3984,-79.8423,1.70E-01
561,4.84E+03,-15.7201,-79.0789,1.64E-01
562,4.87E+03,-15.7134,-79.9755,1.64E-01
563,4.91E+03,-16.0501,-80.4488,1.58E-01
564,4.94E+03,-15.6565,-80.1933,1.65E-01
565,4.97E+03,-15.944,-79.6146,1.60E-01
566,5.01E+03,-15.8646,-79.9917,1.61E-01
567,5.04E+03,-16.2013,-81.0948,1.55E-01
568,5.08E+03,-16.2286,-80.4859,1.54E-01
569,5.11E+03,-16.1668,-80.7757,1.55E-01
570,5.15E+03,-16.3453,-80.2804,1.52E-01
571,5.18E+03,-16.2824,-81.7591,1.53E-01
572,5.22E+03,-16.3122,-81.4918,1.53E-01
573,5.26E+03,-16.4206,-80.7694,1.51E-01
574,5.29E+03,-16.3819,-79.8768,1.52E-01
575,5.33E+03,-16.4879,-79.7631,1.50E-01
576,5.37E+03,-16.5227,-81.5296,1.49E-01
577,5.40E+03,-16.6335,-80.8923,1.47E-01
578,5.44E+03,-16.5625,-80.7811,1.49E-01
579,5.48E+03,-16.8416,-79.927,1.44E-01
580,5.52E+03,-16.8931,-81.6403,1.43E-01
581,5.56E+03,-16.901,-80.8723,1.43E-01
582,5.59E+03,-17.061,-81.0523,1.40E-01
583,5.63E+03,-17.0547,-80.0862,1.40E-01
584,5.67E+03,-17.0852,-82.0577,1.40E-01
585,5.71E+03,-17.0994,-81.4888,1.40E-01
586,5.75E+03,-17.2243,-82.0893,1.38E-01
587,5.79E+03,-17.0878,-80.6814,1.40E-01
588,5.83E+03,-17.2739,-80.5923,1.37E-01
589,5.87E+03,-17.3753,-81.45,1.35E-01
590,5.91E+03,-17.4782,-81.6603,1.34E-01
591,5.95E+03,-17.6002,-81.8807,1.32E-01
592,5.99E+03,-17.6605,-81.8657,1.31E-01
593,6.04E+03,-17.5337,-82.2451,1.33E-01
594,6.08E+03,-17.6392,-82.2531,1.31E-01
595,6.12E+03,-17.7635,-80.9631,1.29E-01
596,6.16E+03,-17.6006,-81.1433,1.32E-01
597,6.21E+03,-17.8803,-82.1989,1.28E-01
598,6.25E+03,-17.8109,-82.0846,1.29E-01
599,6.29E+03,-17.9663,-82.0196,1.26E-01
600,6.34E+03,-17.8925,-83.3653,1.27E-01
601,6.38E+03,-18.1574,-82.3509,1.24E-01
602,6.42E+03,-18.095,-82.416,1.25E-01
603,6.47E+03,-18.0902,-82.215,1.25E-01
604,6.51E+03,-18.2735,-82.1761,1.22E-01
605,6.56E+03,-18.25,-83.6397,1.22E-01
606,6.60E+03,-18.2418,-83.2723,1.22E-01
607,6.65E+03,-18.382,-82.6468,1.20E-01
608,6.70E+03,-18.4107,-82.6024,1.20E-01
609,6.74E+03,-18.309,-82.809,1.21E-01
610,6.79E+03,-18.7003,-83.007,1.16E-01
611,6.84E+03,-18.588,-83.5528,1.18E-01
612,6.88E+03,-18.6003,-82.991,1.17E-01
613,6.93E+03,-18.7095,-83.101,1.16E-01
614,6.98E+03,-18.6115,-82.4773,1.17E-01
615,7.03E+03,-18.9315,-83.3574,1.13E-01
616,7.08E+03,-18.9514,-83.3259,1.13E-01
617,7.13E+03,-18.8779,-82.8884,1.14E-01
618,7.18E+03,-18.9602,-82.8595,1.13E-01
619,7.23E+03,-19.1063,-83.1701,1.11E-01
620,7.28E+03,-19.2321,-83.5236,1.09E-01
621,7.33E+03,-19.2741,-83.7414,1.09E-01
622,7.38E+03,-19.2602,-83.4483,1.09E-01
623,7.43E+03,-19.3152,-83.268,1.08E-01
624,7.48E+03,-19.4028,-83.3405,1.07E-01
625,7.53E+03,-19.212,-83.0064,1.09E-01
626,7.58E+03,-19.2865,-82.9219,1.09E-01
627,7.64E+03,-19.4963,-84.3117,1.06E-01
628,7.69E+03,-19.5891,-83.4565,1.05E-01
629,7.74E+03,-19.6541,-83.4967,1.04E-01
630,7.80E+03,-19.6546,-84.1006,1.04E-01
631,7.85E+03,-19.7548,-84.8885,1.03E-01
632,7.90E+03,-19.6926,-84.4766,1.04E-01
633,7.96E+03,-19.8958,-84.2205,1.01E-01
634,8.02E+03,-20.0659,-83.6826,9.92E-02
635,8.07E+03,-19.9982,-83.8756,1.00E-01
636,8.13E+03,-20.0529,-83.3074,9.94E-02
637,8.18E+03,-20.0821,-82.5837,9.91E-02
638,8.24E+03,-20.0731,-83.42,9.92E-02
639,8.30E+03,-20.2697,-84.4657,9.69E-02
640,8.35E+03,-20.2124,-83.1027,9.76E-02
641,8.41E+03,-20.3819,-84.1236,9.57E-02
642,8.47E+03,-20.528,-83.5769,9.41E-02
643,8.53E+03,-20.549,-84.9117,9.39E-02
644,8.59E+03,-20.7381,-84.7215,9.19E-02
645,8.65E+03,-20.6921,-84.5668,9.23E-02
646,8.71E+03,-20.554,-83.1235,9.38E-02
647,8.77E+03,-20.797,-83.5854,9.12E-02
648,8.83E+03,-20.8815,-84.1506,9.03E-02
649,8.89E+03,-20.7565,-84.6992,9.17E-02
650,8.95E+03,-20.775,-84.3816,9.15E-02
651,9.01E+03,-20.9321,-83.338,8.98E-02
652,9.08E+03,-21.0044,-83.6894,8.91E-02
653,9.14E+03,-21.1654,-83.3042,8.74E-02
654,9.20E+03,-21.1038,-84.7923,8.81E-02
655,9.27E+03,-21.1424,-84.3226,8.77E-02
656,9.33E+03,-21.4174,-83.7061,8.49E-02
657,9.40E+03,-21.1682,-85.5627,8.74E-02
658,9.46E+03,-21.4269,-85.0636,8.49E-02
659,9.53E+03,-21.3024,-85.3079,8.61E-02
660,9.59E+03,-21.6432,-84.2478,8.28E-02
661,9.66E+03,-21.5815,-84.8954,8.34E-02
662,9.73E+03,-21.5453,-84.4565,8.37E-02
663,9.79E+03,-21.6052,-85.8393,8.31E-02
664,9.86E+03,-21.8072,-84.2263,8.12E-02
665,9.93E+03,-21.7163,-84.025,8.21E-02
666,1.00E+04,-21.836,-84.2701,8.09E-02
667,1.01E+04,-21.8338,-84.4668,8.10E-02
668,1.01E+04,-21.8521,-84.7824,8.08E-02
669,1.02E+04,-21.958,-84.7372,7.98E-02
670,1.03E+04,-22.0274,-84.809,7.92E-02
671,1.04E+04,-22.0841,-84.3521,7.87E-02
672,1.04E+04,-22.1338,-85.2846,7.82E-02
673,1.05E+04,-22.1872,-84.5323,7.77E-02
674,1.06E+04,-22.1646,-85.0746,7.79E-02
675,1.06E+04,-22.2936,-85.3065,7.68E-02
676,1.07E+04,-22.2898,-85.1134,7.68E-02
677,1.08E+04,-22.3536,-84.7428,7.63E-02
678,1.09E+04,-22.4637,-85.1018,7.53E-02
679,1.09E+04,-22.5875,-84.9102,7.42E-02
680,1.10E+04,-22.5759,-84.8399,7.43E-02
681,1.11E+04,-22.6124,-85.4955,7.40E-02
682,1.12E+04,-22.799,-85.4139,7.25E-02
683,1.12E+04,-22.7457,-85.3944,7.29E-02
684,1.13E+04,-22.8303,-86.1268,7.22E-02
685,1.14E+04,-22.8026,-85.1993,7.24E-02
686,1.15E+04,-22.8954,-85.4173,7.17E-02
687,1.16E+04,-22.8921,-85.7008,7.17E-02
688,1.16E+04,-23.0127,-85.6858,7.07E-02
689,1.17E+04,-23.1134,-85.3007,6.99E-02
690,1.18E+04,-23.1921,-85.67,6.92E-02
691,1.19E+04,-23.2043,-85.5978,6.91E-02
692,1.20E+04,-23.3474,-85.5224,6.80E-02
693,1.21E+04,-23.3199,-85.8636,6.82E-02
694,1.21E+04,-23.4249,-85.4777,6.74E-02
695,1.22E+04,-23.448,-85.9105,6.72E-02
696,1.23E+04,-23.5543,-85.6642,6.64E-02
697,1.24E+04,-23.5935,-85.4776,6.61E-02
698,1.25E+04,-23.5737,-86.14,6.63E-02
699,1.26E+04,-23.6942,-85.7091,6.54E-02
700,1.27E+04,-23.6985,-85.6707,6.53E-02
701,1.27E+04,-23.7652,-85.9966,6.48E-02
702,1.28E+04,-23.9067,-86.4628,6.38E-02
703,1.29E+04,-23.8198,-85.7292,6.44E-02
704,1.30E+04,-23.9729,-86.4913,6.33E-02
705,1.31E+04,-23.9473,-85.5993,6.35E-02
706,1.32E+04,-24.0433,-85.7606,6.28E-02
707,1.33E+04,-24.1054,-85.54,6.23E-02
708,1.34E+04,-24.22,-85.7108,6.15E-02
709,1.35E+04,-24.257,-86.3444,6.13E-02
710,1.36E+04,-24.292,-85.6528,6.10E-02
711,1.37E+04,-24.453,-85.8714,5.99E-02
712,1.37E+04,-24.4887,-86.4246,5.96E-02
713,1.38E+04,-24.4727,-85.8015,5.98E-02
714,1.39E+04,-24.4962,-85.9403,5.96E-02
715,1.40E+04,-24.5337,-86.0694,5.93E-02
716,1.41E+04,-24.6798,-85.8196,5.83E-02
717,1.42E+04,-24.8229,-86.1351,5.74E-02
718,1.43E+04,-24.8478,-86.6273,5.72E-02
719,1.44E+04,-24.8568,-85.6588,5.72E-02
720,1.45E+04,-24.9731,-86.5591,5.64E-02
721,1.46E+04,-24.9702,-85.6917,5.64E-02
722,1.47E+04,-25.1139,-87.0787,5.55E-02
723,1.48E+04,-25.2342,-85.7906,5.47E-02
724,1.49E+04,-25.1545,-86.9139,5.52E-02
725,1.50E+04,-25.2771,-86.6688,5.45E-02
726,1.51E+04,-25.2703,-86.4307,5.45E-02
727,1.52E+04,-25.3492,-86.3997,5.40E-02
728,1.54E+04,-25.4454,-86.4831,5.34E-02
729,1.55E+04,-25.4478,-86.7727,5.34E-02
730,1.56E+04,-25.4984,-86.5488,5.31E-02
731,1.57E+04,-25.6553,-87.3842,5.21E-02
732,1.58E+04,-25.7613,-87.273,5.15E-02
733,1.59E+04,-25.7981,-85.9617,5.13E-02
734,1.60E+04,-25.6655,-86.4902,5.21E-02
735,1.61E+04,-25.8962,-86.8602,5.07E-02
736,1.62E+04,-25.8495,-86.4522,5.10E-02
737,1.63E+04,-26.014,-86.9569,5.00E-02
738,1.65E+04,-26.098,-86.5272,4.96E-02
739,1.66E+04,-26.1345,-86.6547,4.93E-02
740,1.67E+04,-26.1276,-87.8046,4.94E-02
741,1.68E+04,-26.2336,-86.5357,4.88E-02
742,1.69E+04,-26.28,-86.6986,4.85E-02
743,1.70E+04,-26.3133,-87.3373,4.83E-02
744,1.71E+04,-26.2984,-87.2316,4.84E-02
745,1.73E+04,-26.333,-86.4303,4.82E-02
746,1.74E+04,-26.5474,-86.9316,4.71E-02
747,1.75E+04,-26.5896,-86.4828,4.68E-02
748,1.76E+04,-26.6168,-86.7045,4.67E-02
749,1.78E+04,-26.7128,-87.5461,4.62E-02
750,1.79E+04,-26.8797,-86.2429,4.53E-02
751,1.80E+04,-26.8895,-86.8629,4.52E-02
752,1.81E+04,-26.8585,-86.7149,4.54E-02
753,1.82E+04,-27.0106,-86.3536,4.46E-02
754,1.84E+04,-26.9825,-87.8331,4.48E-02
755,1.85E+04,-27.0939,-87.0646,4.42E-02
756,1.86E+04,-27.0371,-87.245,4.45E-02
757,1.88E+04,-27.0786,-87.5077,4.43E-02
758,1.89E+04,-27.1963,-88.0808,4.37E-02
759,1.90E+04,-27.3353,-87.4507,4.30E-02
760,1.92E+04,-27.4786,-87.6887,4.23E-02
761,1.93E+04,-27.5733,-86.2768,4.18E-02
762,1.94E+04,-27.3752,-86.6177,4.28E-02
763,1.96E+04,-27.6869,-87.3383,4.13E-02
764,1.97E+04,-27.6949,-87.6984,4.12E-02
765,1.98E+04,-27.6756,-88.0601,4.13E-02
766,2.00E+04,-27.7487,-86.9857,4.10E-02
767,2.01E+04,-27.7556,-87.0367,4.09E-02
768,2.02E+04,-27.8771,-86.094,4.04E-02
769,2.04E+04,-27.9826,-87.6072,3.99E-02
770,2.05E+04,-28.0303,-86.9307,3.97E-02
771,2.07E+04,-28.0776,-88.702,3.95E-02
772,2.08E+04,-28.0782,-87.1312,3.95E-02
773,2.10E+04,-28.2611,-86.9183,3.86E-02
774,2.11E+04,-28.1455,-86.4025,3.91E-02
775,2.12E+04,-28.2307,-87.5793,3.88E-02
776,2.14E+04,-28.4516,-88.1523,3.78E-02
777,2.15E+04,-28.5318,-87.9148,3.74E-02
778,2.17E+04,-28.4815,-88.0975,3.77E-02
779,2.18E+04,-28.5313,-87.1915,3.74E-02
780,2.20E+04,-28.351,-87.5118,3.82E-02
781,2.21E+04,-28.6521,-87.3676,3.69E-02
782,2.23E+04,-28.7271,-86.5347,3.66E-02
783,2.25E+04,-28.7141,-87.428,3.67E-02
784,2.26E+04,-28.8227,-86.7919,3.62E-02
785,2.28E+04,-28.6564,-87.8332,3.69E-02
786,2.29E+04,-28.7802,-88.0321,3.64E-02
787,2.31E+04,-29.0611,-87.7886,3.52E-02
788,2.32E+04,-29.0039,-87.6152,3.55E-02
789,2.34E+04,-29.1381,-88.4408,3.49E-02
790,2.36E+04,-29.2954,-87.8725,3.43E-02
791,2.37E+04,-29.3053,-87.9641,3.43E-02
792,2.39E+04,-29.0847,-87.7136,3.51E-02
793,2.41E+04,-29.2933,-87.7879,3.43E-02
794,2.42E+04,-29.3886,-87.9826,3.39E-02
795,2.44E+04,-29.2197,-87.8363,3.46E-02
796,2.46E+04,-29.3721,-87.3912,3.40E-02
797,2.47E+04,-29.2657,-87.8031,3.44E-02
798,2.49E+04,-29.6105,-88.0011,3.31E-02
799,2.51E+04,-29.5644,-88.9847,3.32E-02
800,2.53E+04,-29.6689,-87.9228,3.29E-02
801,2.54E+04,-29.6708,-87.3207,3.28E-02
802,2.56E+04,-29.8546,-87.9714,3.22E-02
803,2.58E+04,-29.8387,-88.7192,3.22E-02
804,2.60E+04,-29.9167,-87.9603,3.19E-02
805,2.61E+04,-29.8949,-88.516,3.20E-02
806,2.63E+04,-29.8101,-88.4053,3.23E-02
807,2.65E+04,-29.9645,-88.2328,3.18E-02
808,2.67E+04,-30.3153,-87.063,3.05E-02
809,2.69E+04,-30.0547,-87.9002,3.14E-02
810,2.71E+04,-30.0473,-87.5047,3.15E-02
811,2.73E+04,-30.3662,-88.0335,3.03E-02
812,2.74E+04,-30.483,-87.4736,2.99E-02
813,2.76E+04,-30.2935,-88.4679,3.06E-02
814,2.78E+04,-30.2137,-88.3828,3.09E-02
815,2.80E+04,-30.4748,-87.6182,2.99E-02
816,2.82E+04,-30.6639,-86.6147,2.93E-02
817,2.84E+04,-30.4808,-87.8081,2.99E-02
818,2.86E+04,-30.7886,-88.9031,2.89E-02
819,2.88E+04,-30.5671,-88.3607,2.96E-02
820,2.90E+04,-30.999,-88.9956,2.82E-02
821,2.92E+04,-30.7502,-89.355,2.90E-02
822,2.94E+04,-30.8478,-88.5433,2.87E-02
823,2.96E+04,-30.8871,-89.151,2.86E-02
824,2.98E+04,-30.9134,-88.4132,2.85E-02
825,3.00E+04,-31.0869,-89.1965,2.79E-02
826,3.02E+04,-31.1021,-87.6299,2.79E-02
827,3.04E+04,-31.2477,-87.8712,2.74E-02
828,3.07E+04,-31.093,-87.9644,2.79E-02
829,3.09E+04,-30.9971,-88.5934,2.82E-02
830,3.11E+04,-31.2898,-88.4885,2.73E-02
831,3.13E+04,-31.1473,-90.0838,2.77E-02
832,3.15E+04,-31.4064,-87.3484,2.69E-02
833,3.17E+04,-31.4595,-88.5118,2.67E-02
834,3.20E+04,-31.3364,-87.8503,2.71E-02
835,3.22E+04,-31.5858,-88.0886,2.63E-02
836,3.24E+04,-31.4859,-89.2167,2.67E-02
837,3.26E+04,-31.7277,-88.9717,2.59E-02
838,3.28E+04,-31.8209,-89.1602,2.56E-02
839,3.31E+04,-31.8944,-89.4124,2.54E-02
840,3.33E+04,-31.8687,-88.1613,2.55E-02
841,3.35E+04,-31.7901,-89.3625,2.57E-02
842,3.38E+04,-31.8485,-88.1631,2.56E-02
843,3.40E+04,-32.2972,-90.2095,2.43E-02
844,3.42E+04,-32.0844,-87.9527,2.49E-02
845,3.45E+04,-32.0703,-88.9537,2.49E-02
846,3.47E+04,-32.0202,-88.6077,2.51E-02
847,3.50E+04,-32.1036,-88.7271,2.48E-02
848,3.52E+04,-32.2363,-90.0414,2.44E-02
849,3.54E+04,-32.4114,-88.4623,2.40E-02
850,3.57E+04,-32.4208,-88.8025,2.39E-02
851,3.59E+04,-32.3864,-87.474,2.40E-02
852,3.62E+04,-32.4275,-88.2232,2.39E-02
853,3.64E+04,-32.4017,-87.7565,2.40E-02
854,3.67E+04,-32.7974,-88.1312,2.29E-02
855,3.69E+04,-32.5486,-88.6421,2.36E-02
856,3.72E+04,-32.5871,-88.1561,2.35E-02
857,3.75E+04,-32.6332,-88.7535,2.34E-02
858,3.77E+04,-32.8148,-88.1649,2.29E-02
859,3.80E+04,-32.9757,-88.0504,2.24E-02
860,3.82E+04,-32.9558,-88.8953,2.25E-02
861,3.85E+04,-32.8483,-87.2965,2.28E-02
862,3.88E+04,-33.0856,-89.9815,2.22E-02
863,3.90E+04,-33.1137,-88.526,2.21E-02
864,3.93E+04,-33.4482,-88.1931,2.13E-02
865,3.96E+04,-33.2814,-88.4026,2.17E-02
866,3.99E+04,-33.2198,-88.853,2.18E-02
867,4.01E+04,-33.2041,-87.339,2.19E-02
868,4.04E+04,-33.332,-87.6939,2.15E-02
869,4.07E+04,-33.5058,-88.332,2.11E-02
870,4.10E+04,-33.666,-88.0191,2.07E-02
871,4.13E+04,-33.3524,-88.8541,2.15E-02
872,4.16E+04,-33.597,-89.2436,2.09E-02
873,4.18E+04,-33.8766,-91.2582,2.02E-02
874,4.21E+04,-33.8467,-88.6896,2.03E-02
875,4.24E+04,-33.728,-89.2064,2.06E-02
876,4.27E+04,-33.4718,-88.739,2.12E-02
877,4.30E+04,-33.7138,-90.3863,2.06E-02
878,4.33E+04,-33.8901,-87.8147,2.02E-02
879,4.36E+04,-33.962,-91.7765,2.00E-02
880,4.39E+04,-33.7371,-87.852,2.06E-02
881,4.42E+04,-34.0172,-89.1625,1.99E-02
882,4.45E+04,-34.0511,-85.6213,1.98E-02
883,4.48E+04,-33.857,-87.382,2.03E-02
884,4.51E+04,-34.4114,-89.144,1.90E-02
885,4.55E+04,-33.9961,-86.7412,2.00E-02
886,4.58E+04,-34.0425,-89.2233,1.99E-02
887,4.61E+04,-34.234,-89.2332,1.94E-02
888,4.64E+04,-34.3582,-88.874,1.91E-02
889,4.67E+04,-34.5567,-89.6532,1.87E-02
890,4.71E+04,-34.5947,-87.8156,1.86E-02
891,4.74E+04,-34.5618,-89.3403,1.87E-02
892,4.77E+04,-34.7385,-89.4956,1.83E-02
893,4.80E+04,-34.6331,-87.6018,1.86E-02
894,4.84E+04,-34.6004,-87.4766,1.86E-02
895,4.87E+04,-34.7924,-89.529,1.82E-02
896,4.91E+04,-35.2411,-87.7882,1.73E-02
897,4.94E+04,-35.0601,-87.6867,1.77E-02
898,4.97E+04,-34.9374,-88.9895,1.79E-02
899,5.01E+04,-34.9446,-88.7164,1.79E-02
900,5.04E+04,-35.2463,-88.5579,1.73E-02
901,5.08E+04,-34.9991,-89.1855,1.78E-02
902,5.11E+04,-35.0505,-88.7192,1.77E-02
903,5.15E+04,-35.4641,-88.607,1.69E-02
904,5.18E+04,-35.1837,-87.7777,1.74E-02
905,5.22E+04,-35.3507,-88.255,1.71E-02
906,5.26E+04,-35.3574,-89.3093,1.71E-02
907,5.29E+04,-35.2835,-88.275,1.72E-02
908,5.33E+04,-35.3133,-89.5715,1.72E-02
909,5.37E+04,-35.5985,-87.0423,1.66E-02
910,5.40E+04,-35.5845,-88.4788,1.66E-02
911,5.44E+04,-35.6126,-87.1157,1.66E-02
912,5.48E+04,-35.8515,-88.2922,1.61E-02
913,5.52E+04,-35.6149,-89.2029,1.66E-02
914,5.56E+04,-35.5552,-89.2817,1.67E-02
915,5.59E+04,-35.7809,-88.8346,1.63E-02
916,5.63E+04,-35.9179,-89.1966,1.60E-02
917,5.67E+04,-35.902,-89.4935,1.60E-02
918,5.71E+04,-36.0258,-88.7303,1.58E-02
919,5.75E+04,-36.0452,-89.2326,1.58E-02
920,5.79E+04,-36.3976,-89.2501,1.51E-02
921,5.83E+04,-36.1436,-89.5143,1.56E-02
922,5.87E+04,-36.3285,-88.8568,1.53E-02
923,5.91E+04,-36.3034,-89.4349,1.53E-02
924,5.95E+04,-36.2569,-88.9411,1.54E-02
925,5.99E+04,-36.5229,-89.5219,1.49E-02
926,6.04E+04,-36.4121,-87.8062,1.51E-02
927,6.08E+04,-36.4953,-87.4932,1.50E-02
928,6.12E+04,-36.8201,-89.6201,1.44E-02
929,6.16E+04,-36.9173,-91.0881,1.43E-02
930,6.21E+04,-36.7433,-90.3848,1.45E-02
931,6.25E+04,-36.67,-88.6208,1.47E-02
932,6.29E+04,-36.9784,-88.6215,1.42E-02
933,6.34E+04,-37.0308,-89.4444,1.41E-02
934,6.38E+04,-36.8978,-88.6364,1.43E-02
935,6.42E+04,-36.9731,-89.5865,1.42E-02
936,6.47E+04,-37.0174,-88.0889,1.41E-02
937,6.51E+04,-36.7755,-88.1966,1.45E-02
938,6.56E+04,-37.2073,-91.3388,1.38E-02
939,6.60E+04,-36.9393,-89.5917,1.42E-02
940,6.65E+04,-37.1185,-89.325,1.39E-02
941,6.70E+04,-37.3515,-91.2444,1.36E-02
942,6.74E+04,-37.3675,-90.9781,1.35E-02
943,6.79E+04,-36.8621,-90.0146,1.44E-02
944,6.84E+04,-37.156,-90.1517,1.39E-02
945,6.88E+04,-37.226,-89.5981,1.38E-02
946,6.93E+04,-37.7809,-90.9386,1.29E-02
947,6.98E+04,-37.5331,-87.0892,1.33E-02
948,7.03E+04,-37.4728,-91.0432,1.34E-02
949,7.08E+04,-37.6719,-87.7622,1.31E-02
950,7.13E+04,-37.8265,-89.4178,1.28E-02
951,7.18E+04,-37.5235,-90.5414,1.33E-02
952,7.23E+04,-37.968,-87.3816,1.26E-02
953,7.28E+04,-38.1534,-90.5794,1.24E-02
954,7.33E+04,-37.8267,-90.204,1.28E-02
955,7.38E+04,-37.9213,-89.4175,1.27E-02
956,7.43E+04,-37.8896,-89.4356,1.28E-02
957,7.48E+04,-37.98,-88.2985,1.26E-02
958,7.53E+04,-38.0157,-91.2042,1.26E-02
959,7.58E+04,-38.223,-88.6778,1.23E-02
960,7.64E+04,-38.1645,-90.2101,1.24E-02
961,7.69E+04,-38.5021,-89.451,1.19E-02
962,7.74E+04,-38.2425,-91.06,1.22E-02
963,7.80E+04,-38.6761,-90.4829,1.16E-02
964,7.85E+04,-38.1682,-89.2536,1.23E-02
965,7.90E+04,-38.6198,-90.1085,1.17E-02
966,7.96E+04,-38.5045,-87.3174,1.19E-02
967,8.02E+04,-38.6398,-86.8112,1.17E-02
968,8.07E+04,-38.5125,-91.9029,1.19E-02
969,8.13E+04,-38.6211,-87.6211,1.17E-02
970,8.18E+04,-38.3669,-90.0609,1.21E-02
971,8.24E+04,-38.7847,-89.4588,1.15E-02
972,8.30E+04,-38.9375,-89.4949,1.13E-02
973,8.35E+04,-38.394,-89.1943,1.20E-02
974,8.41E+04,-38.9874,-92.6369,1.12E-02
975,8.47E+04,-39.4686,-89.1225,1.06E-02
976,8.53E+04,-38.8929,-88.4589,1.14E-02
977,8.59E+04,-38.8903,-89.4175,1.14E-02
978,8.65E+04,-39.2949,-91.9181,1.08E-02
979,8.71E+04,-39.3686,-90.1157,1.08E-02
980,8.77E+04,-39.0707,-87.9162,1.11E-02
981,8.83E+04,-39.2522,-91.9845,1.09E-02
982,8.89E+04,-39.0437,-89.3576,1.12E-02
983,8.95E+04,-39.6469,-89.6894,1.04E-02
984,9.01E+04,-39.8363,-88.3749,1.02E-02
985,9.08E+04,-39.2707,-91.4751,1.09E-02
986,9.14E+04,-40.0442,-91.8223,9.95E-03
987,9.20E+04,-39.9293,-89.8643,1.01E-02
988,9.27E+04,-39.793,-90.6741,1.02E-02
989,9.33E+04,-39.5858,-90.0383,1.05E-02
990,9.40E+04,-39.9408,-89.5846,1.01E-02
991,9.46E+04,-39.7071,-89.229,1.03E-02
992,9.53E+04,-40.0038,-89.8344,1.00E-02
993,9.59E+04,-39.8692,-90.6217,1.02E-02
994,9.66E+04,-40.3731,-91.4697,9.58E-03
995,9.73E+04,-40.4067,-88.9457,9.54E-03
996,9.79E+04,-39.9675,-92.8325,1.00E-02
997,9.86E+04,-40.3045,-88.6112,9.66E-03
998,9.93E+04,-40.308,-93.0798,9.65E-03
999,1.00E+05,-40.301,-88.5798,9.66E-03
